sa4_code,sa4_name,state,sa3_code,sa3_name,service_count,fee_per_hr,prc_growth_since_last_yr,number_of_services_above_cap,prc_services_above_the_cap,year
101,Capital Region,NSW,10102,Queanbeyan,17,12.14,5.67201545862112,10,58.8235294117647,2022
101,Capital Region,NSW,10103,Snowy Mountains,8,9.52,5.86925965523521,0,0,2022
101,Capital Region,NSW,10104,South Coast,22,10.48,5.5191096576134004,1,4.54545454545455,2022
101,Capital Region,NSW,10105,"Goulburn -
Mulwaree",14,9.85,1.79934659418942,1,7.14285714285714,2022
101,Capital Region,NSW,10106,Young - Yass,13,10.62,5.87203904404361,0,0,2022
102,Central Coast,NSW,10201,Gosford,71,10.82,5.82208789192332,4,5.63380281690141,2022
102,Central Coast,NSW,10202,Wyong,59,10.63,4.90244819630532,0,0,2022
103,Central West,NSW,10301,Bathurst,17,11.27,5.14071789638373,2,11.7647058823529,2022
103,Central West,NSW,10302,Lachlan Valley,21,10.09,7.8900291634861,0,0,2022
103,Central West,NSW,10303,Lithgow - Mudgee,14,10.07,4.15868141524695,1,7.14285714285714,2022
103,Central West,NSW,10304,Orange,21,11.02,6.6328491212845,0,0,2022
104,"Coffs Harbour -
Grafton",NSW,10401,Clarence Valley,12,10.48,4.13886650706333,2,16.6666666666667,2022
104,"Coffs Harbour -
Grafton",NSW,10402,Coffs Harbour,43,10.5,5.34006655228834,1,2.32558139534884,2022
105,"Far West and
Orana",NSW,10501,"Bourke - Cobar -
Coonamble",11,9.27,-0.7582038198215,0,0,2022
105,"Far West and
Orana",NSW,10502,"Broken Hill and
Far West",<5,NA,0,0,0,2022
105,"Far West and
Orana",NSW,10503,Dubbo,23,10.09,4.57785572625752,0,0,2022
106,"Hunter Valley
exc Newcastle",NSW,10601,Lower Hunter,27,10.32,4.72720959107225,2,7.40740740740741,2022
106,"Hunter Valley
exc Newcastle",NSW,10602,Maitland,42,10.74,5.49993071038402,3,7.14285714285714,2022
106,"Hunter Valley
exc Newcastle",NSW,10603,Port Stephens,26,10.79,4.13342489844542,2,7.69230769230769,2022
106,"Hunter Valley
exc Newcastle",NSW,10604,Upper Hunter,6,10.07,6.57496993019573,0,0,2022
107,Illawarra,NSW,10701,"Dapto - Port
Kembla",32,10.63,3.71087586619161,2,6.25,2022
107,Illawarra,NSW,10703,"Kiama -
Shellharbour",51,11.28,5.18023431535578,8,15.6862745098039,2022
107,Illawarra,NSW,10704,Wollongong,60,11.12,4.10324853424411,7,11.6666666666667,2022
108,Mid North Coast,NSW,10801,Great Lakes,14,10.14,5.78224654252585,2,14.2857142857143,2022
108,Mid North Coast,NSW,10802,"Kempsey -
Nambucca",10,9.24,4.03358166111699,0,0,2022
108,Mid North Coast,NSW,10804,Port Macquarie,28,10.36,5.20540658996178,0,0,2022
108,Mid North Coast,NSW,10805,"Taree -
Gloucester",22,9.87,4.93738467670839,0,0,2022
109,Murray,NSW,10901,Albury,24,10.83,5.09639757277825,3,12.5,2022
109,Murray,NSW,10902,Lower Murray,<5,NA,0,0,0,2022
109,Murray,NSW,10903,"Upper Murray
exc. Albury",11,10.88,7.20068378273772,1,9.09090909090909,2022
110,"New England
and North West",NSW,11001,Armidale,10,9.35,4.78239728237488,0,0,2022
110,"New England
and North West",NSW,11002,"Inverell -
Tenterfield",6,9.44,7.59121924532316,0,0,2022
110,"New England
and North West",NSW,11003,Moree - Narrabri,10,9.26,8.5100347326826,0,0,2022
110,"New England
and North West",NSW,11004,"Tamworth -
Gunnedah",28,10.42,3.99569143119474,2,7.14285714285714,2022
111,"Newcastle and
Lake Macquarie",NSW,11101,"Lake Macquarie -
East",47,11.2,5.91376307731144,6,12.7659574468085,2022
111,"Newcastle and
Lake Macquarie",NSW,11102,"Lake Macquarie -
West",30,10.37,5.07044886194189,1,3.33333333333333,2022
111,"Newcastle and
Lake Macquarie",NSW,11103,Newcastle,75,11.11,3.96149875790375,5,6.66666666666667,2022
112,"Richmond -
Tweed",NSW,11201,"Richmond Valley
- Coastal",27,10.77,4.92738280709177,1,3.7037037037037,2022
112,"Richmond -
Tweed",NSW,11202,"Richmond Valley
- Hinterland",16,10.29,5.09207682804982,1,6.25,2022
112,"Richmond -
Tweed",NSW,11203,Tweed Valley,26,10.33,4.49762865038466,0,0,2022
113,Riverina,NSW,11301,"Griffith -
Murrumbidgee
(West)",13,10.63,4.52935209273087,1,7.69230769230769,2022
113,Riverina,NSW,11302,"Tumut -
Tumbarumba",6,10.08,8.11660980112849,0,0,2022
113,Riverina,NSW,11303,Wagga Wagga,43,10.69,6.94835816497162,2,4.65116279069768,2022
114,"Southern
Highlands and
Shoalhaven",NSW,11401,Shoalhaven,45,10.29,3.94863756517482,3,6.66666666666667,2022
114,"Southern
Highlands and
Shoalhaven",NSW,11402,"Southern
Highlands",18,10.2,5.7267430808455,1,5.55555555555556,2022
115,"Sydney -
Baulkham Hills
and Hawkesbury",NSW,11501,Baulkham Hills,73,12.15,4.39692068993874,35,47.9452054794521,2022
115,"Sydney -
Baulkham Hills
and Hawkesbury",NSW,11502,"Dural - Wisemans
Ferry",18,11.69,4.05181986550133,2,11.1111111111111,2022
115,"Sydney -
Baulkham Hills
and Hawkesbury",NSW,11503,Hawkesbury,6,10.78,4.77147756300756,0,0,2022
115,"Sydney -
Baulkham Hills
and Hawkesbury",NSW,11504,"Rouse Hill -
McGraths Hill",28,11.67,5.46692757350673,6,21.4285714285714,2022
116,"Sydney -
Blacktown",NSW,11601,Blacktown,62,10.59,4.62529220223252,5,8.06451612903226,2022
116,"Sydney -
Blacktown",NSW,11602,Blacktown - North,50,11.7,6.00002775088874,16,32,2022
116,"Sydney -
Blacktown",NSW,11603,Mount Druitt,43,10.13,4.57998218055275,0,0,2022
117,"Sydney - City
and Inner South",NSW,11701,Botany,20,11.74,3.42300231812201,4,20,2022
117,"Sydney - City
and Inner South",NSW,11702,"Marrickville -
Sydenham -
Petersham",25,12.67,2.08340124832781,16,64,2022
117,"Sydney - City
and Inner South",NSW,11703,Sydney Inner City,108,13.45,2.6851615710705,84,77.7777777777778,2022
118,"Sydney -
Eastern Suburbs",NSW,11801,"Eastern Suburbs
- North",66,15.21,4.1209213341621,61,92.4242424242424,2022
118,"Sydney -
Eastern Suburbs",NSW,11802,"Eastern Suburbs
- South",69,13.36,3.93442587810873,50,72.4637681159421,2022
119,"Sydney - Inner
South West",NSW,11901,Bankstown,103,10.92,4.85648078169643,12,11.6504854368932,2022
119,"Sydney - Inner
South West",NSW,11902,Canterbury,76,10.7,3.95193977977301,4,5.26315789473684,2022
119,"Sydney - Inner
South West",NSW,11903,Hurstville,66,11.35,2.27302874005711,14,21.2121212121212,2022
119,"Sydney - Inner
South West",NSW,11904,"Kogarah -
Rockdale",63,11.13,4.78873076973878,11,17.4603174603175,2022
120,"Sydney - Inner
West",NSW,12001,Canada Bay,40,12.92,4.02080118196952,29,72.5,2022
120,"Sydney - Inner
West",NSW,12002,Leichhardt,33,14.31,5.48710492230134,30,90.9090909090909,2022
120,"Sydney - Inner
West",NSW,12003,"Strathfield -
Burwood -
Ashfield",69,12.42,4.29731061435047,40,57.9710144927536,2022
121,"Sydney - North
Sydney and
Hornsby",NSW,12101,"Chatswood -
Lane Cove",67,13.81,2.96780440032497,55,82.089552238806,2022
121,"Sydney - North
Sydney and
Hornsby",NSW,12102,Hornsby,47,12.22,4.98525457537445,22,46.8085106382979,2022
121,"Sydney - North
Sydney and
Hornsby",NSW,12103,Ku-ring-gai,57,14.19,3.46529144514868,49,85.9649122807018,2022
121,"Sydney - North
Sydney and
Hornsby",NSW,12104,"North Sydney -
Mosman",39,15.17,3.30447693580932,38,97.4358974358975,2022
122,"Sydney -
Northern
Beaches",NSW,12201,Manly,22,14.24,0.45725515429963,21,95.4545454545455,2022
122,"Sydney -
Northern
Beaches",NSW,12202,Pittwater,20,12.8,7.11528746467101,11,55,2022
122,"Sydney -
Northern
Beaches",NSW,12203,Warringah,68,12.26,4.38023968917155,30,44.1176470588235,2022
123,"Sydney - Outer
South West",NSW,12301,Camden,38,10.54,5.70796259330295,1,2.63157894736842,2022
123,"Sydney - Outer
South West",NSW,12302,"Campbelltown
(NSW)",86,10.14,6.11657600136764,3,3.48837209302326,2022
123,"Sydney - Outer
South West",NSW,12303,Wollondilly,21,9.27,7.06985950887349,0,0,2022
124,"Sydney - Outer
West and Blue
Mountains",NSW,12401,Blue Mountains,23,10.54,3.91959475826765,2,8.69565217391305,2022
124,"Sydney - Outer
West and Blue
Mountains",NSW,12403,Penrith,83,10.64,4.79165267632091,3,3.6144578313253,2022
124,"Sydney - Outer
West and Blue
Mountains",NSW,12404,"Richmond -
Windsor",21,10.21,5.27644677954052,0,0,2022
124,"Sydney - Outer
West and Blue
Mountains",NSW,12405,St Marys,25,10.33,4.81160683348714,0,0,2022
125,"Sydney -
Parramatta",NSW,12501,Auburn,33,11.71,5.72757475986438,10,30.3030303030303,2022
125,"Sydney -
Parramatta",NSW,12502,Carlingford,29,11.84,4.68276748394146,8,27.5862068965517,2022
125,"Sydney -
Parramatta",NSW,12503,"Merrylands -
Guildford",90,10.48,4.49694306250347,3,3.33333333333333,2022
125,"Sydney -
Parramatta",NSW,12504,Parramatta,84,10.82,3.64911980277381,13,15.4761904761905,2022
126,Sydney - Ryde,NSW,12601,"Pennant Hills -
Epping",20,12.75,4.63035627623091,13,65,2022
126,Sydney - Ryde,NSW,12602,"Ryde - Hunters
Hill",69,12.96,4.43103255924498,47,68.1159420289855,2022
127,"Sydney - South
West",NSW,12701,"Bringelly - Green
Valley",62,10.5,6.11487650483457,2,3.2258064516129,2022
127,"Sydney - South
West",NSW,12702,Fairfield,74,10.43,5.66471933505623,7,9.45945945945946,2022
127,"Sydney - South
West",NSW,12703,Liverpool,64,10.18,3.75541386089544,2,3.125,2022
128,"Sydney -
Sutherland",NSW,12801,"Cronulla -
Miranda -
Caringbah",62,11.49,4.12691744542622,11,17.741935483871,2022
128,"Sydney -
Sutherland",NSW,12802,"Sutherland -
Menai -
Heathcote",63,10.67,4.24878610651875,2,3.17460317460318,2022
201,Ballarat,VIC,20101,Ballarat,35,11.12,4.00624370798544,5,14.2857142857143,2022
201,Ballarat,VIC,20102,"Creswick -
Daylesford -
Ballan",<5,NA,0,0,0,2022
201,Ballarat,VIC,20103,"Maryborough -
Pyrenees",<5,NA,0,0,0,2022
202,Bendigo,VIC,20201,Bendigo,26,11.05,5.14756263588696,1,3.84615384615385,2022
202,Bendigo,VIC,20202,"Heathcote -
Castlemaine -
Kyneton",9,11.21,5.82360059308724,2,22.2222222222222,2022
203,Geelong,VIC,20301,Barwon - West,7,10.69,3.87113972451346,0,0,2022
203,Geelong,VIC,20302,Geelong,56,11.35,5.51922013411206,6,10.7142857142857,2022
203,Geelong,VIC,20303,"Surf Coast -
Bellarine
Peninsula",28,11.28,4.90107818567717,2,7.14285714285714,2022
204,Hume,VIC,20401,"Upper Goulburn
Valley",17,10.07,8.32708371701232,1,5.88235294117647,2022
204,Hume,VIC,20402,"Wangaratta -
Benalla",14,10.61,5.29272379888203,2,14.2857142857143,2022
204,Hume,VIC,20403,Wodonga - Alpine,30,10.88,6.57954733524958,2,6.66666666666667,2022
205,"Latrobe -
Gippsland",VIC,20501,Baw Baw,10,11.39,4.97456914069592,0,0,2022
205,"Latrobe -
Gippsland",VIC,20502,Gippsland - East,13,10.55,6.35057763815561,0,0,2022
205,"Latrobe -
Gippsland",VIC,20503,"Gippsland - South
West",12,9.46,7.22694283998411,0,0,2022
205,"Latrobe -
Gippsland",VIC,20504,Latrobe Valley,17,10.39,5.47561081904617,0,0,2022
205,"Latrobe -
Gippsland",VIC,20505,Wellington,10,9.91,6.32519589274108,0,0,2022
206,"Melbourne -
Inner",VIC,20601,"Brunswick -
Coburg",33,12.07,5.31541977444671,13,39.3939393939394,2022
206,"Melbourne -
Inner",VIC,20602,Darebin - South,19,12.82,4.75862650210743,12,63.1578947368421,2022
206,"Melbourne -
Inner",VIC,20603,Essendon,22,12.24,4.9751891459773,13,59.0909090909091,2022
206,"Melbourne -
Inner",VIC,20604,Melbourne City,46,13.16,5.31181284442823,33,71.7391304347826,2022
206,"Melbourne -
Inner",VIC,20605,Port Phillip,35,13.18,4.0178675164915,27,77.1428571428572,2022
206,"Melbourne -
Inner",VIC,20606,"Stonnington -
West",14,13.61,4.8798246391272,12,85.7142857142857,2022
206,"Melbourne -
Inner",VIC,20607,Yarra,35,12.53,3.45201420518717,19,54.2857142857143,2022
207,"Melbourne -
Inner East",VIC,20701,Boroondara,50,13.11,3.60551227861223,37,74,2022
207,"Melbourne -
Inner East",VIC,20702,"Manningham -
West",27,11.77,5.881524239885,6,22.2222222222222,2022
207,"Melbourne -
Inner East",VIC,20703,"Whitehorse -
West",36,12.53,4.3766346053776,24,66.6666666666667,2022
208,"Melbourne -
Inner South",VIC,20801,Bayside,35,12.82,1.92259802509345,25,71.4285714285715,2022
208,"Melbourne -
Inner South",VIC,20802,Glen Eira,63,13,3.51925048463299,39,61.9047619047619,2022
208,"Melbourne -
Inner South",VIC,20803,Kingston,43,12.25,5.96659820246085,17,39.5348837209302,2022
208,"Melbourne -
Inner South",VIC,20804,"Stonnington -
East",11,12.92,4.15943741833774,9,81.8181818181818,2022
209,"Melbourne -
North East",VIC,20901,Banyule,37,11.72,3.87278193260798,7,18.9189189189189,2022
209,"Melbourne -
North East",VIC,20902,Darebin - North,28,11.68,4.77516464325278,3,10.7142857142857,2022
209,"Melbourne -
North East",VIC,20903,"Nillumbik -
Kinglake",23,11.39,5.63783421924448,4,17.3913043478261,2022
209,"Melbourne -
North East",VIC,20904,"Whittlesea -
Wallan",67,10.87,6.26867896743106,2,2.98507462686567,2022
210,"Melbourne -
North West",VIC,21001,Keilor,13,11.28,4.44111865268407,3,23.0769230769231,2022
210,"Melbourne -
North West",VIC,21002,Macedon Ranges,8,10.87,6.41722215073736,0,0,2022
210,"Melbourne -
North West",VIC,21003,Moreland - North,16,11.61,3.29953587596627,3,18.75,2022
210,"Melbourne -
North West",VIC,21004,Sunbury,17,10.37,6.12533681841826,0,0,2022
210,"Melbourne -
North West",VIC,21005,"Tullamarine -
Broadmeadows",55,10.97,3.38634711780857,3,5.45454545454546,2022
211,"Melbourne -
Outer East",VIC,21101,Knox,46,11.4,5.64492494549045,8,17.3913043478261,2022
211,"Melbourne -
Outer East",VIC,21102,"Manningham -
East",5,12.22,8.70885832691272,2,40,2022
211,"Melbourne -
Outer East",VIC,21103,Maroondah,43,11.15,6.21959827894278,3,6.97674418604651,2022
211,"Melbourne -
Outer East",VIC,21104,Whitehorse - East,25,11.65,4.33943042319069,3,12,2022
211,"Melbourne -
Outer East",VIC,21105,Yarra Ranges,38,11.04,6.05537032663928,5,13.1578947368421,2022
212,"Melbourne -
South East",VIC,21201,Cardinia,36,10.49,6.83438005715165,0,0,2022
212,"Melbourne -
South East",VIC,21202,Casey - North,41,10.91,5.34869994824797,2,4.87804878048781,2022
212,"Melbourne -
South East",VIC,21203,Casey - South,74,10.64,6.64917775133718,0,0,2022
212,"Melbourne -
South East",VIC,21204,Dandenong,57,11.2,6.03183629160445,8,14.0350877192982,2022
212,"Melbourne -
South East",VIC,21205,Monash,53,11.95,4.99395003057955,19,35.8490566037736,2022
213,"Melbourne -
West",VIC,21301,Brimbank,44,10.83,7.68151056486829,2,4.54545454545455,2022
213,"Melbourne -
West",VIC,21302,Hobsons Bay,27,12.12,5.4957111845692,11,40.7407407407407,2022
213,"Melbourne -
West",VIC,21303,Maribyrnong,26,12.14,4.08048478971897,12,46.1538461538462,2022
213,"Melbourne -
West",VIC,21304,"Melton - Bacchus
Marsh",58,10.65,1.72966219140476,3,5.17241379310345,2022
213,"Melbourne -
West",VIC,21305,Wyndham,97,11.36,5.42395199819459,14,14.4329896907217,2022
214,"Mornington
Peninsula",VIC,21401,Frankston,46,11.06,6.2098275128959,1,2.17391304347826,2022
214,"Mornington
Peninsula",VIC,21402,"Mornington
Peninsula",42,11.27,6.42862210439143,5,11.9047619047619,2022
215,North West,VIC,21501,Grampians,14,10.27,1.40333573718023,0,0,2022
215,North West,VIC,21502,Mildura,13,10.01,5.30881658068651,1,7.69230769230769,2022
215,North West,VIC,21503,"Murray River -
Swan Hill",10,10.6,1.21317174254795,1,10,2022
216,Shepparton,VIC,21601,Campaspe,8,10.31,1.95004319833287,1,12.5,2022
216,Shepparton,VIC,21602,Moira,10,10.1,7.44493176454565,0,0,2022
216,Shepparton,VIC,21603,Shepparton,21,10.97,4.8895213383375,2,9.52380952380953,2022
217,"Warrnambool
and South West",VIC,21701,"Glenelg -
Southern
Grampians",9,10.41,4.65315032498651,0,0,2022
217,"Warrnambool
and South West",VIC,21703,"Colac -
Corangamite",9,10.45,-2.0372419714055,1,11.1111111111111,2022
217,"Warrnambool
and South West",VIC,21704,Warrnambool,16,10.58,4.12039014490926,0,0,2022
301,Brisbane - East,QLD,30101,Capalaba,29,10.46,6.40872845363714,1,3.44827586206897,2022
301,Brisbane - East,QLD,30102,"Cleveland -
Stradbroke",29,10.25,6.05059087478565,1,3.44827586206897,2022
301,Brisbane - East,QLD,30103,Wynnum - Manly,22,10.91,6.97806152717808,0,0,2022
302,Brisbane - North,QLD,30201,"Bald Hills -
Everton Park",18,10.96,6.79399843274653,0,0,2022
302,Brisbane - North,QLD,30202,Chermside,27,10.83,6.33569805693888,1,3.7037037037037,2022
302,Brisbane - North,QLD,30203,Nundah,19,11.32,5.91862512402004,2,10.5263157894737,2022
302,Brisbane - North,QLD,30204,Sandgate,21,10.57,5.50961454946106,0,0,2022
303,Brisbane - South,QLD,30301,Carindale,15,11.5,7.02262128964001,3,20,2022
303,Brisbane - South,QLD,30302,"Holland Park -
Yeronga",29,11.55,5.86799442705304,5,17.2413793103448,2022
303,Brisbane - South,QLD,30303,Mt Gravatt,32,10.74,6.25955325175945,2,6.25,2022
303,Brisbane - South,QLD,30304,Nathan,19,11.5,5.06087355624004,4,21.0526315789474,2022
303,Brisbane - South,QLD,30305,"Rocklea - Acacia
Ridge",22,10.98,7.68011944781328,2,9.09090909090909,2022
303,Brisbane - South,QLD,30306,Sunnybank,14,10.5,6.76840479898014,0,0,2022
304,Brisbane - West,QLD,30401,Centenary,9,11.12,5.4608896893538,0,0,2022
304,Brisbane - West,QLD,30402,"Kenmore -
Brookfield -
Moggill",14,11.14,4.42287598826095,1,7.14285714285714,2022
304,Brisbane - West,QLD,30403,"Sherwood -
Indooroopilly",20,11.28,4.33395114137264,2,10,2022
304,Brisbane - West,QLD,30404,"The Gap -
Enoggera",23,10.79,5.03343946618728,0,0,2022
305,"Brisbane Inner
City",QLD,30501,Brisbane Inner,33,11.94,4.13750644663902,13,39.3939393939394,2022
305,"Brisbane Inner
City",QLD,30502,"Brisbane Inner -
East",16,11.97,5.44074016652514,6,37.5,2022
305,"Brisbane Inner
City",QLD,30503,"Brisbane Inner -
North",36,11.43,4.77933381967508,5,13.8888888888889,2022
305,"Brisbane Inner
City",QLD,30504,"Brisbane Inner -
West",21,11.72,5.40790677933803,6,28.5714285714286,2022
306,Cairns,QLD,30601,Cairns - North,21,10.41,6.79735632049195,2,9.52380952380953,2022
306,Cairns,QLD,30602,Cairns - South,40,11.08,5.11196401969811,2,5,2022
306,Cairns,QLD,30603,"Innisfail -
Cassowary Coast",11,8.32,5.14933933806347,0,0,2022
306,Cairns,QLD,30604,"Port Douglas -
Daintree",5,9.69,9.28066556190607,0,0,2022
306,Cairns,QLD,30605,"Tablelands (East)
- Kuranda",9,9.11,3.02610824823514,0,0,2022
307,"Darling Downs -
Maranoa",QLD,30701,"Darling Downs
(West) - Maranoa",17,9.88,2.21436963178049,0,0,2022
307,"Darling Downs -
Maranoa",QLD,30702,"Darling Downs -
East",9,9.61,5.27480953192319,0,0,2022
307,"Darling Downs -
Maranoa",QLD,30703,Granite Belt,11,10.86,5.93335113096247,1,9.09090909090909,2022
308,"Central
Queensland",QLD,30801,"Central Highlands
(Qld)",6,9.51,6.65019397844777,0,0,2022
308,"Central
Queensland",QLD,30803,Rockhampton,34,10.45,5.22508946686722,1,2.94117647058824,2022
308,"Central
Queensland",QLD,30804,Biloela,<5,NA,0,0,0,2022
308,"Central
Queensland",QLD,30805,Gladstone,15,10.17,5.97832880982079,0,0,2022
309,Gold Coast,QLD,30901,"Broadbeach -
Burleigh",17,10.48,6.73925186147646,0,0,2022
309,Gold Coast,QLD,30902,Coolangatta,14,10.63,4.87771010326921,0,0,2022
309,Gold Coast,QLD,30903,"Gold Coast -
North",19,10.64,5.83696767136546,0,0,2022
309,Gold Coast,QLD,30904,"Gold Coast
Hinterland",<5,NA,0,0,0,2022
309,Gold Coast,QLD,30905,"Mudgeeraba -
Tallebudgera",19,10.34,7.21088258625614,0,0,2022
309,Gold Coast,QLD,30906,Nerang,32,10.22,7.1867384897932,0,0,2022
309,Gold Coast,QLD,30907,"Ormeau -
Oxenford",64,10.46,6.6322973482138,1,1.5625,2022
309,Gold Coast,QLD,30908,Robina,19,10.8,6.50930884275174,1,5.26315789473684,2022
309,Gold Coast,QLD,30909,Southport,30,10.38,6.14843885085001,0,0,2022
309,Gold Coast,QLD,30910,Surfers Paradise,12,10.75,5.51248944484814,2,16.6666666666667,2022
310,Ipswich,QLD,31001,"Forest Lake -
Oxley",25,10.12,6.29824472460524,0,0,2022
310,Ipswich,QLD,31002,"Ipswich
Hinterland",19,9.7,8.21243740674546,0,0,2022
310,Ipswich,QLD,31003,Ipswich Inner,45,10.25,6.7370089234878,2,4.44444444444445,2022
310,Ipswich,QLD,31004,"Springfield -
Redbank",49,10.56,7.20858086298571,0,0,2022
311,"Logan -
Beaudesert",QLD,31101,Beaudesert,<5,NA,0,0,0,2022
311,"Logan -
Beaudesert",QLD,31102,Beenleigh,18,9.8,6.47913522649491,0,0,2022
311,"Logan -
Beaudesert",QLD,31103,Browns Plains,36,10.02,5.98548875973255,1,2.77777777777778,2022
311,"Logan -
Beaudesert",QLD,31104,Jimboomba,16,9.68,8.15525367916839,0,0,2022
311,"Logan -
Beaudesert",QLD,31105,"Loganlea -
Carbrook",35,9.89,6.26202558349156,0,0,2022
311,"Logan -
Beaudesert",QLD,31106,"Springwood -
Kingston",39,9.92,6.48826173602654,0,0,2022
312,"Mackay - Isaac -
Whitsunday",QLD,31201,"Bowen Basin -
North",10,8.48,-1.6848401495007,0,0,2022
312,"Mackay - Isaac -
Whitsunday",QLD,31202,Mackay,33,10.36,5.27777418661758,0,0,2022
312,"Mackay - Isaac -
Whitsunday",QLD,31203,Whitsunday,8,10,6.31110071962518,0,0,2022
313,"Moreton Bay -
North",QLD,31301,"Bribie -
Beachmere",7,10.62,5.9539550550271,0,0,2022
313,"Moreton Bay -
North",QLD,31302,Caboolture,33,10.11,7.91722683971593,0,0,2022
313,"Moreton Bay -
North",QLD,31303,"Caboolture
Hinterland",<5,NA,0,0,0,2022
313,"Moreton Bay -
North",QLD,31304,"Narangba -
Burpengary",24,10.38,8.4314092437238,1,4.16666666666667,2022
313,"Moreton Bay -
North",QLD,31305,Redcliffe,20,10.55,6.54401626093571,0,0,2022
314,"Moreton Bay -
South",QLD,31401,The Hills District,32,10.15,6.79771853000685,0,0,2022
314,"Moreton Bay -
South",QLD,31402,North Lakes,35,10.84,6.41889413309759,1,2.85714285714286,2022
314,"Moreton Bay -
South",QLD,31403,Strathpine,14,10.08,5.55021848752061,0,0,2022
315,"Queensland -
Outback",QLD,31501,Far North,14,5.39,11.5822056923573,0,0,2022
315,"Queensland -
Outback",QLD,31502,Outback - North,11,9.63,12.6459062210588,0,0,2022
315,"Queensland -
Outback",QLD,31503,Outback - South,9,7.97,-2.1407278403051,0,0,2022
316,Sunshine Coast,QLD,31601,Buderim,22,10.86,5.67528608848194,0,0,2022
316,Sunshine Coast,QLD,31602,Caloundra,26,10.93,7.21184033374994,1,3.84615384615385,2022
316,Sunshine Coast,QLD,31603,Maroochy,20,10.57,3.70517767294508,1,5,2022
316,Sunshine Coast,QLD,31605,Noosa,14,10.77,6.13248619803454,0,0,2022
316,Sunshine Coast,QLD,31606,"Sunshine Coast
Hinterland",10,10.09,5.95407388424787,0,0,2022
316,Sunshine Coast,QLD,31607,Nambour,19,10.75,8.84413316719797,1,5.26315789473684,2022
316,Sunshine Coast,QLD,31608,Noosa Hinterland,5,10.32,8.58303461739116,0,0,2022
317,Toowoomba,QLD,31701,Toowoomba,60,10.27,5.5373750304117,1,1.66666666666667,2022
318,Townsville,QLD,31801,"Charters Towers -
Ayr - Ingham",12,7.87,6.90641130127683,0,0,2022
318,Townsville,QLD,31802,Townsville,87,10.18,5.74832031572155,0,0,2022
319,Wide Bay,QLD,31901,Bundaberg,28,9.89,6.4731552797429,0,0,2022
319,Wide Bay,QLD,31902,Burnett,16,9.33,4.73106267244074,1,6.25,2022
319,Wide Bay,QLD,31903,"Gympie -
Cooloola",15,9.62,5.11400421366623,0,0,2022
319,Wide Bay,QLD,31904,Hervey Bay,18,9.96,5.53722639258123,0,0,2022
319,Wide Bay,QLD,31905,Maryborough,9,10,5.2740442192471,0,0,2022
401,"Adelaide -
Central and Hills",SA,40101,Adelaide City,13,11.42,3.39943027008876,2,15.3846153846154,2022
401,"Adelaide -
Central and Hills",SA,40102,Adelaide Hills,21,10.92,3.92063821980359,1,4.76190476190476,2022
401,"Adelaide -
Central and Hills",SA,40103,Burnside,14,11.51,3.23227877684735,4,28.5714285714286,2022
401,"Adelaide -
Central and Hills",SA,40104,"Campbelltown
(SA)",12,11.47,2.67069433143475,2,16.6666666666667,2022
401,"Adelaide -
Central and Hills",SA,40105,"Norwood -
Payneham - St
Peters",16,12,4.69429533477808,4,25,2022
401,"Adelaide -
Central and Hills",SA,40106,"Prospect -
Walkerville",10,11.97,1.84198945534222,2,20,2022
401,"Adelaide -
Central and Hills",SA,40107,Unley,18,11.77,1.71125879254814,5,27.7777777777778,2022
402,Adelaide - North,SA,40201,"Gawler - Two
Wells",12,11.47,5.80579198373549,2,16.6666666666667,2022
402,Adelaide - North,SA,40202,Playford,28,11.02,10.0363840385435,1,3.57142857142857,2022
402,Adelaide - North,SA,40203,"Port Adelaide -
East",17,11.09,5.01308404970828,0,0,2022
402,Adelaide - North,SA,40204,Salisbury,35,10.61,4.3400391590089,0,0,2022
402,Adelaide - North,SA,40205,Tea Tree Gully,23,10.88,5.83842746938984,1,4.34782608695652,2022
403,Adelaide - South,SA,40301,Holdfast Bay,13,11.34,9.60538206647259,0,0,2022
403,Adelaide - South,SA,40302,Marion,24,11.06,4.35663815315867,2,8.33333333333333,2022
403,Adelaide - South,SA,40303,Mitcham,19,11.76,3.29965797525236,3,15.7894736842105,2022
403,Adelaide - South,SA,40304,Onkaparinga,49,10.52,5.36601584362459,0,0,2022
404,Adelaide - West,SA,40401,Charles Sturt,24,10.96,4.60800572689851,1,4.16666666666667,2022
404,Adelaide - West,SA,40402,"Port Adelaide -
West",13,10.74,6.62611503001665,1,7.69230769230769,2022
404,Adelaide - West,SA,40403,West Torrens,25,11.53,5.31670410047818,0,0,2022
405,"Barossa - Yorke
- Mid North",SA,40501,Barossa,9,10.87,4.22641879232093,0,0,2022
405,"Barossa - Yorke
- Mid North",SA,40502,Lower North,7,8.82,2.89706599898528,0,0,2022
405,"Barossa - Yorke
- Mid North",SA,40503,Mid North,7,8.6,0.99190681535975,0,0,2022
405,"Barossa - Yorke
- Mid North",SA,40504,Yorke Peninsula,<5,NA,0,0,0,2022
406,"South Australia -
Outback",SA,40601,"Eyre Peninsula
and South West",16,9.57,1.39471912891155,1,6.25,2022
406,"South Australia -
Outback",SA,40602,"Outback - North
and East",6,9.77,8.02387802721004,0,0,2022
407,"South Australia -
South East",SA,40701,"Fleurieu -
Kangaroo Island",13,10.21,3.7091226803176,1,7.69230769230769,2022
407,"South Australia -
South East",SA,40702,Limestone Coast,15,9.86,3.48379124262476,0,0,2022
407,"South Australia -
South East",SA,40703,"Murray and
Mallee",16,10.25,4.39527276107478,1,6.25,2022
501,Bunbury,WA,50101,"Augusta -
Margaret River -
Busselton",16,11.72,3.36836893765454,3,18.75,2022
501,Bunbury,WA,50102,Bunbury,25,10.91,5.22955650428746,0,0,2022
501,Bunbury,WA,50103,Manjimup,9,10.57,4.49184160452107,1,11.1111111111111,2022
502,Mandurah,WA,50201,Mandurah,27,10.31,10.0325220484778,0,0,2022
503,Perth - Inner,WA,50301,"Cottesloe -
Claremont",21,13.34,5.06458905118665,18,85.7142857142857,2022
503,Perth - Inner,WA,50302,Perth City,40,12.71,4.87208284691951,26,65,2022
504,"Perth - North
East",WA,50401,"Bayswater -
Bassendean",24,10.99,3.8746962399339,3,12.5,2022
504,"Perth - North
East",WA,50402,Mundaring,9,10.53,6.36561235533721,1,11.1111111111111,2022
504,"Perth - North
East",WA,50403,Swan,41,10.86,5.97800958689393,3,7.31707317073171,2022
505,"Perth - North
West",WA,50501,Joondalup,47,11.47,5.26207907496199,7,14.8936170212766,2022
505,"Perth - North
West",WA,50502,Stirling,54,12.2,5.06972003605452,24,44.4444444444444,2022
505,"Perth - North
West",WA,50503,Wanneroo,69,10.97,6.150658193067,2,2.89855072463768,2022
506,"Perth - South
East",WA,50601,Armadale,25,10.32,4.99319363458283,2,8,2022
506,"Perth - South
East",WA,50602,"Belmont - Victoria
Park",17,11.21,5.41314552497197,0,0,2022
506,"Perth - South
East",WA,50603,Canning,25,11.48,6.72035554707529,2,8,2022
506,"Perth - South
East",WA,50604,Gosnells,38,11.16,5.5417896916768,2,5.26315789473684,2022
506,"Perth - South
East",WA,50605,Kalamunda,13,11.27,6.45845312854256,2,15.3846153846154,2022
506,"Perth - South
East",WA,50606,"Serpentine -
Jarrahdale",9,10.79,8.30290337174452,0,0,2022
506,"Perth - South
East",WA,50607,South Perth,18,12.28,5.54717971976222,9,50,2022
507,"Perth - South
West",WA,50701,Cockburn,35,11.62,5.53247409571778,6,17.1428571428571,2022
507,"Perth - South
West",WA,50702,Fremantle,15,11.51,4.40708683598695,2,13.3333333333333,2022
507,"Perth - South
West",WA,50703,Kwinana,13,11.17,8.73471686343152,1,7.69230769230769,2022
507,"Perth - South
West",WA,50704,Melville,28,12.59,4.23499324090308,17,60.7142857142857,2022
507,"Perth - South
West",WA,50705,Rockingham,40,10.49,6.61855353463817,0,0,2022
509,"Western
Australia -
Wheat Belt",WA,50901,Albany,17,9.96,4.72875522456854,0,0,2022
509,"Western
Australia -
Wheat Belt",WA,50902,"Wheat Belt -
North",18,11.61,2.87638334963574,7,38.8888888888889,2022
509,"Western
Australia -
Wheat Belt",WA,50903,"Wheat Belt -
South",11,11.18,3.8988546005301,3,27.2727272727273,2022
510,"Western
Australia -
Outback (North)",WA,51001,Kimberley,12,11.31,6.01939655017058,5,41.6666666666667,2022
510,"Western
Australia -
Outback (North)",WA,51002,East Pilbara,7,12.05,4.38640138828032,3,42.8571428571429,2022
510,"Western
Australia -
Outback (North)",WA,51003,West Pilbara,13,12.58,4.38229952509613,8,61.5384615384616,2022
511,"Western
Australia -
Outback (South)",WA,51101,Esperance,<5,NA,0,0,0,2022
511,"Western
Australia -
Outback (South)",WA,51102,Gascoyne,<5,NA,0,0,0,2022
511,"Western
Australia -
Outback (South)",WA,51103,Goldfields,10,11.72,7.08327326406585,3,30,2022
511,"Western
Australia -
Outback (South)",WA,51104,Mid West,16,10.94,5.6505667281346,2,12.5,2022
601,Hobart,TAS,60101,Brighton,<5,NA,0,0,0,2022
601,Hobart,TAS,60102,"Hobart - North
East",15,10.3,3.36040150564614,0,0,2022
601,Hobart,TAS,60103,"Hobart - North
West",10,10.49,4.60814828115958,0,0,2022
601,Hobart,TAS,60104,"Hobart - South
and West",7,9.66,5.4771923971019,0,0,2022
601,Hobart,TAS,60105,Hobart Inner,26,10.19,3.831668429506,0,0,2022
601,Hobart,TAS,60106,"Sorell - Dodges
Ferry",<5,NA,0,0,0,2022
602,"Launceston and
North East",TAS,60201,Launceston,25,10.7,2.7919067273804,2,8,2022
602,"Launceston and
North East",TAS,60202,"Meander Valley -
West Tamar",<5,NA,0,0,0,2022
602,"Launceston and
North East",TAS,60203,North East,9,9.4,3.21469505132014,0,0,2022
603,South East,TAS,60301,"Central Highlands
(Tas.)",<5,NA,0,0,0,2022
603,South East,TAS,60302,"Huon - Bruny
Island",5,9.3,5.56505003324958,0,0,2022
603,South East,TAS,60303,South East Coast,<5,NA,0,0,0,2022
604,"West and North
West",TAS,60401,"Burnie -
Ulverstone",13,9.55,2.64831016315645,0,0,2022
604,"West and North
West",TAS,60402,Devonport,7,9.88,-0.6848404291114,0,0,2022
604,"West and North
West",TAS,60403,West Coast,<5,NA,0,0,0,2022
701,Darwin,NT,70101,Darwin City,10,10.59,2.83450774314263,1,10,2022
701,Darwin,NT,70102,Darwin Suburbs,29,10.29,5.00108890700688,2,6.89655172413793,2022
701,Darwin,NT,70103,Litchfield,10,7.47,-5.2215375421426,0,0,2022
701,Darwin,NT,70104,Palmerston,20,10.29,3.5185276603058,0,0,2022
702,"Northern
Territory -
Outback",NT,70201,Alice Springs,24,6.89,-0.2618976032762,0,0,2022
702,"Northern
Territory -
Outback",NT,70202,Barkly,<5,NA,0,0,0,2022
702,"Northern
Territory -
Outback",NT,70203,"Daly - Tiwi - West
Arnhem",6,5.1,21.836256352722,0,0,2022
702,"Northern
Territory -
Outback",NT,70204,East Arnhem,6,7.26,-3.1058676021395,0,0,2022
702,"Northern
Territory -
Outback",NT,70205,Katherine,14,5.23,-6.2218161454803,0,0,2022
801,"Australian
Capital Territory",ACT,80101,Belconnen,35,12.07,2.93909981693056,13,37.1428571428572,2022
801,"Australian
Capital Territory",ACT,80103,Canberra East,<5,NA,0,0,0,2022
801,"Australian
Capital Territory",ACT,80104,Gungahlin,27,12.76,5.80681038153082,18,66.6666666666667,2022
801,"Australian
Capital Territory",ACT,80105,North Canberra,31,13.1,5.44939706498275,22,70.9677419354839,2022
801,"Australian
Capital Territory",ACT,80106,South Canberra,26,12.89,5.87238819572024,16,61.5384615384616,2022
801,"Australian
Capital Territory",ACT,80107,Tuggeranong,32,12.23,3.17385147369362,15,46.875,2022
801,"Australian
Capital Territory",ACT,80108,Weston Creek,7,12.18,4.68843975618199,3,42.8571428571429,2022
801,"Australian
Capital Territory",ACT,80109,Woden Valley,19,12.32,5.31450903013237,11,57.8947368421053,2022
801,"Australian
Capital Territory",ACT,80110,Molonglo,<5,NA,0,0,0,2022
901,Other Territories,"OTHER
TERRITORIES",90101,Christmas Island,<5,NA,0,0,0,2022
901,Other Territories,"OTHER
TERRITORIES",90103,Jervis Bay,<5,NA,0,0,0,2022
