sa2_code_2016,sa2_5dig_2016,sa2_name_2016,sa3_code_2016,sa3_name_2016,sa4_code_2016,sa4_name_2016,gcc_code_2016,gcc_name_2016,state_code_2016,state_name_2016,areasqkm_2016,cent_long,cent_lat,service_approval_number,service_name,mgmt_type,suburb,postcode,state,seifa,aria,nqs_max_total_places,service_sub_type,nqs_overall_rating,dataset,mgmt_type_adj
101021010,11010,Queanbeyan - East,10102,Queanbeyan,101,Capital Region,1RNSW,Rest of NSW,1,New South Wales,13.0034,149.25242047362684,-35.35519804111949,NA,NA,NA,NA,NA,NA,NA,NA,NA,NA,NA,NA,NA
101041022,11022,Deua - Wadbilliga,10104,South Coast,101,Capital Region,1RNSW,Rest of NSW,1,New South Wales,2781.9988,149.74636668589096,-36.17742338627739,NA,NA,NA,NA,NA,NA,NA,NA,NA,NA,NA,NA,NA
102011038,11038,Saratoga - Davistown,10201,Gosford,102,Central Coast,1GSYD,Greater Sydney,1,New South Wales,4.7683,151.35773911874026,-33.47745114140254,NA,NA,NA,NA,NA,NA,NA,NA,NA,NA,NA,NA,NA
102021049,11049,Jilliby - Yarramalong,10202,Wyong,102,Central Coast,1GSYD,Greater Sydney,1,New South Wales,346.7662,151.32414125706646,-33.172962675713286,NA,NA,NA,NA,NA,NA,NA,NA,NA,NA,NA,NA,NA
103011060,11060,Bathurst Region,10301,Bathurst,103,Central West,1RNSW,Rest of NSW,1,New South Wales,3798.2628,149.53298479170738,-33.44042138782206,NA,NA,NA,NA,NA,NA,NA,NA,NA,NA,NA,NA,NA
103031075,11075,Wollangambe - Wollemi,10303,Lithgow - Mudgee,103,Central West,1RNSW,Rest of NSW,1,New South Wales,2448.7276,150.38541406256337,-33.16047819385445,NA,NA,NA,NA,NA,NA,NA,NA,NA,NA,NA,NA,NA
105031103,11103,Dubbo Region,10503,Dubbo,105,Far West and Orana,1RNSW,Rest of NSW,1,New South Wales,4128.5683,148.70354583037076,-32.261554992191016,NA,NA,NA,NA,NA,NA,NA,NA,NA,NA,NA,NA,NA
106011109,11109,Cessnock Region,10601,Lower Hunter,106,Hunter Valley exc Newcastle,1RNSW,Rest of NSW,1,New South Wales,1570.4341,151.18913730902207,-32.96264391919253,NA,NA,NA,NA,NA,NA,NA,NA,NA,NA,NA,NA,NA
106011113,11113,Singleton Region,10601,Lower Hunter,106,Hunter Valley exc Newcastle,1RNSW,Rest of NSW,1,New South Wales,4067.2349,151.0100847351089,-32.629413407239014,NA,NA,NA,NA,NA,NA,NA,NA,NA,NA,NA,NA,NA
107011133,11133,Port Kembla Industrial,10701,Dapto - Port Kembla,107,Illawarra,1RNSW,Rest of NSW,1,New South Wales,12.7352,150.88510597618398,-34.460904952350745,NA,NA,NA,NA,NA,NA,NA,NA,NA,NA,NA,NA,NA
107021135,11135,Illawarra Catchment Reserve,10702,Illawarra Catchment Reserve,107,Illawarra,1RNSW,Rest of NSW,1,New South Wales,744.3423,150.71548147071553,-34.369420653886664,NA,NA,NA,NA,NA,NA,NA,NA,NA,NA,NA,NA,NA
108031161,11161,Lord Howe Island,10803,Lord Howe Island,108,Mid North Coast,1RNSW,Rest of NSW,1,New South Wales,16.2918,159.07684518419555,-31.552889276825592,NA,NA,NA,NA,NA,NA,NA,NA,NA,NA,NA,NA,NA
111031230,11230,Newcastle Port - Kooragang,11103,Newcastle,111,Newcastle and Lake Macquarie,1RNSW,Rest of NSW,1,New South Wales,30.8883,151.74457587882,-32.869552714122015,NA,NA,NA,NA,NA,NA,NA,NA,NA,NA,NA,NA,NA
114011275,11275,Ettrema - Sassafras - Budawang,11401,Shoalhaven,114,Southern Highlands and Shoalhaven,1RNSW,Rest of NSW,1,New South Wales,2144.4618,150.23989210517132,-35.09653075609721,NA,NA,NA,NA,NA,NA,NA,NA,NA,NA,NA,NA,NA
114011276,11276,Huskisson - Vincentia,11401,Shoalhaven,114,Southern Highlands and Shoalhaven,1RNSW,Rest of NSW,1,New South Wales,31.0073,150.6655589311387,-35.06605783059825,NA,NA,NA,NA,NA,NA,NA,NA,NA,NA,NA,NA,NA
115031299,11299,Bilpin - Colo - St Albans,11503,Hawkesbury,115,Sydney - Baulkham Hills and Hawkesbury,1GSYD,Greater Sydney,1,New South Wales,2160.1601,150.78295315802384,-33.27077558728171,NA,NA,NA,NA,NA,NA,NA,NA,NA,NA,NA,NA,NA
117011320,11320,Banksmeadow,11701,Botany,117,Sydney - City and Inner South,1GSYD,Greater Sydney,1,New South Wales,3.3683,151.2152364616601,-33.95591933190219,NA,NA,NA,NA,NA,NA,NA,NA,NA,NA,NA,NA,NA
117011324,11324,Port Botany Industrial,11701,Botany,117,Sydney - City and Inner South,1GSYD,Greater Sydney,1,New South Wales,2.8044,151.2224955485274,-33.97205623848772,NA,NA,NA,NA,NA,NA,NA,NA,NA,NA,NA,NA,NA
118011342,11342,Centennial Park,11801,Eastern Suburbs - North,118,Sydney - Eastern Suburbs,1GSYD,Greater Sydney,1,New South Wales,1.9786,151.2342423556079,-33.89835824419472,NA,NA,NA,NA,NA,NA,NA,NA,NA,NA,NA,NA,NA
123021439,11439,Holsworthy Military Area,12302,Campbelltown (NSW),123,Sydney - Outer South West,1GSYD,Greater Sydney,1,New South Wales,129.823,150.90013325938833,-34.100947380288645,NA,NA,NA,NA,NA,NA,NA,NA,NA,NA,NA,NA,NA
124011451,11451,Blue Mountains - North,12401,Blue Mountains,124,Sydney - Outer West and Blue Mountains,1GSYD,Greater Sydney,1,New South Wales,595.0366,150.44522510870158,-33.602490755910274,NA,NA,NA,NA,NA,NA,NA,NA,NA,NA,NA,NA,NA
124021456,11456,Blue Mountains - South,12402,Blue Mountains - South,124,Sydney - Outer West and Blue Mountains,1GSYD,Greater Sydney,1,New South Wales,2456.9093,150.28793914748294,-33.99342162643901,NA,NA,NA,NA,NA,NA,NA,NA,NA,NA,NA,NA,NA
125011475,11475,Rookwood Cemetery,12501,Auburn,125,Sydney - Parramatta,1GSYD,Greater Sydney,1,New South Wales,3.015,151.05565645819146,-33.874196619092025,NA,NA,NA,NA,NA,NA,NA,NA,NA,NA,NA,NA,NA
125031486,11486,Smithfield Industrial,12503,Merrylands - Guildford,125,Sydney - Parramatta,1GSYD,Greater Sydney,1,New South Wales,4.3017,150.94395232987614,-33.84309633291866,NA,NA,NA,NA,NA,NA,NA,NA,NA,NA,NA,NA,NA
125031487,11487,Yennora Industrial,12503,Merrylands - Guildford,125,Sydney - Parramatta,1GSYD,Greater Sydney,1,New South Wales,2.0787,150.9663753304463,-33.860118815018275,NA,NA,NA,NA,NA,NA,NA,NA,NA,NA,NA,NA,NA
127011592,11592,Badgerys Creek,12701,Bringelly - Green Valley,127,Sydney - South West,1GSYD,Greater Sydney,1,New South Wales,17.5774,150.72092777847098,-33.89031013800988,NA,NA,NA,NA,NA,NA,NA,NA,NA,NA,NA,NA,NA
128021537,11537,Royal National Park,12802,Sutherland - Menai - Heathcote,128,Sydney - Sutherland,1GSYD,Greater Sydney,1,New South Wales,139.3336,151.06772006769134,-34.11135445385866,NA,NA,NA,NA,NA,NA,NA,NA,NA,NA,NA,NA,NA
197979799,19799,Migratory - Offshore - Shipping (NSW),19797,Migratory - Offshore - Shipping (NSW),197,Migratory - Offshore - Shipping (NSW),19799,Migratory - Offshore - Shipping (NSW),1,New South Wales,0,NA,NA,NA,NA,NA,NA,NA,NA,NA,NA,NA,NA,NA,NA,NA
199999499,19499,No usual address (NSW),19999,No usual address (NSW),199,No usual address (NSW),19499,No usual address (NSW),1,New South Wales,0,NA,NA,NA,NA,NA,NA,NA,NA,NA,NA,NA,NA,NA,NA,NA
204011061,21061,Upper Yarra Valley,20401,Upper Goulburn Valley,204,Hume,2RVIC,Rest of Vic.,2,Victoria,856.2714,145.97602356854173,-37.651499065122174,NA,NA,NA,NA,NA,NA,NA,NA,NA,NA,NA,NA,NA
204021064,21064,Benalla Region,20402,Wangaratta - Benalla,204,Hume,2RVIC,Rest of Vic.,2,Victoria,2105.3238,146.01658351510568,-36.58150631892883,NA,NA,NA,NA,NA,NA,NA,NA,NA,NA,NA,NA,NA
205021080,21080,Alps - East,20502,Gippsland - East,205,Latrobe - Gippsland,2RVIC,Rest of Vic.,2,Victoria,2071.2826,148.0359429079852,-36.99411035711574,NA,NA,NA,NA,NA,NA,NA,NA,NA,NA,NA,NA,NA
205021083,21083,Lake King,20502,Gippsland - East,205,Latrobe - Gippsland,2RVIC,Rest of Vic.,2,Victoria,93.8744,147.76357581105356,-37.88305865335233,NA,NA,NA,NA,NA,NA,NA,NA,NA,NA,NA,NA,NA
205031088,21088,French Island,20503,Gippsland - South West,205,Latrobe - Gippsland,2RVIC,Rest of Vic.,2,Victoria,170.2291,145.36490518119894,-38.349977583916306,NA,NA,NA,NA,NA,NA,NA,NA,NA,NA,NA,NA,NA
205031092,21092,Wilsons Promontory,20503,Gippsland - South West,205,Latrobe - Gippsland,2RVIC,Rest of Vic.,2,Victoria,481.5078,146.36770627177626,-38.96021168184329,NA,NA,NA,NA,NA,NA,NA,NA,NA,NA,NA,NA,NA
205051099,21099,Alps - West,20505,Wellington,205,Latrobe - Gippsland,2RVIC,Rest of Vic.,2,Victoria,2955.6801,146.8478521568852,-37.44823338287831,NA,NA,NA,NA,NA,NA,NA,NA,NA,NA,NA,NA,NA
206041127,21127,West Melbourne,20604,Melbourne City,206,Melbourne - Inner,2GMEL,Greater Melbourne,2,Victoria,6.1992,144.92206860621587,-37.810145457322214,NA,NA,NA,NA,NA,NA,NA,NA,NA,NA,NA,NA,NA
208031184,21184,Braeside,20803,Kingston,208,Melbourne - Inner South,2GMEL,Greater Melbourne,2,Victoria,9.0819,145.12225822363803,-37.99799489096178,NA,NA,NA,NA,NA,NA,NA,NA,NA,NA,NA,NA,NA
210011230,21230,Niddrie - Essendon West,21001,Keilor,210,Melbourne - North West,2GMEL,Greater Melbourne,2,Victoria,2.8027,144.8848507328254,-37.744975756616796,NA,NA,NA,NA,NA,NA,NA,NA,NA,NA,NA,NA,NA
211011255,21255,Lysterfield,21101,Knox,211,Melbourne - Outer East,2GMEL,Greater Melbourne,2,Victoria,18.494,145.29078724347897,-37.92694314948254,NA,NA,NA,NA,NA,NA,NA,NA,NA,NA,NA,NA,NA
297979799,29799,Migratory - Offshore - Shipping (Vic.),29797,Migratory - Offshore - Shipping (Vic.),297,Migratory - Offshore - Shipping (Vic.),29799,Migratory - Offshore - Shipping (Vic.),2,Victoria,0,NA,NA,NA,NA,NA,NA,NA,NA,NA,NA,NA,NA,NA,NA,NA
299999499,29499,No usual address (Vic.),29999,No usual address (Vic.),299,No usual address (Vic.),29499,No usual address (Vic.),2,Victoria,0,NA,NA,NA,NA,NA,NA,NA,NA,NA,NA,NA,NA,NA,NA,NA
301031014,31014,Brisbane Port - Lytton,30103,Wynnum - Manly,301,Brisbane - East,3GBRI,Greater Brisbane,3,Queensland,32.7859,153.19767258164563,-27.381173111936242,NA,NA,NA,NA,NA,NA,NA,NA,NA,NA,NA,NA,NA
302041043,31043,Deagon,30204,Sandgate,302,Brisbane - North,3GBRI,Greater Brisbane,3,Queensland,2.8177,153.05961535631033,-27.32776915672068,NA,NA,NA,NA,NA,NA,NA,NA,NA,NA,NA,NA,NA
303031061,31061,Macgregor (Qld),30303,Mt Gravatt,303,Brisbane - South,3GBRI,Greater Brisbane,3,Queensland,2.6853,153.0730492555189,-27.565357827073733,NA,NA,NA,NA,NA,NA,NA,NA,NA,NA,NA,NA,NA
304011085,31085,Westlake,30401,Centenary,304,Brisbane - West,3GBRI,Greater Brisbane,3,Queensland,1.9039,152.9128148066398,-27.54862940957068,NA,NA,NA,NA,NA,NA,NA,NA,NA,NA,NA,NA,NA
304041099,31099,Enoggera Reservoir,30404,The Gap - Enoggera,304,Brisbane - West,3GBRI,Greater Brisbane,3,Queensland,37.694,152.87059428714943,-27.433484709323785,NA,NA,NA,NA,NA,NA,NA,NA,NA,NA,NA,NA,NA
304041102,31102,Mount Coot-tha,30404,The Gap - Enoggera,304,Brisbane - West,3GBRI,Greater Brisbane,3,Queensland,14.5975,152.9485187853145,-27.474897538876572,NA,NA,NA,NA,NA,NA,NA,NA,NA,NA,NA,NA,NA
305011107,31107,Highgate Hill,30501,Brisbane Inner,305,Brisbane Inner City,3GBRI,Greater Brisbane,3,Queensland,1.21,153.01757984351073,-27.487594120907843,NA,NA,NA,NA,NA,NA,NA,NA,NA,NA,NA,NA,NA
305021114,31114,Bulimba,30502,Brisbane Inner - East,305,Brisbane Inner City,3GBRI,Greater Brisbane,3,Queensland,2.0607,153.05930923216448,-27.448610669662653,NA,NA,NA,NA,NA,NA,NA,NA,NA,NA,NA,NA,NA
306021150,31150,Lamb Range,30602,Cairns - South,306,Cairns,3RQLD,Rest of Qld,3,Queensland,212.6428,145.6812813071789,-17.052711487106112,NA,NA,NA,NA,NA,NA,NA,NA,NA,NA,NA,NA,NA
306031162,31162,Wooroonooran,30603,Innisfail - Cassowary Coast,306,Cairns,3RQLD,Rest of Qld,3,Queensland,754.2885,145.80070665008117,-17.380401413406897,NA,NA,NA,NA,NA,NA,NA,NA,NA,NA,NA,NA,NA
308031206,31206,Bouldercombe,30803,Rockhampton,308,Central Queensland,3RQLD,Rest of Qld,3,Queensland,1348.7805,150.62560765302933,-23.627893791425013,NA,NA,NA,NA,NA,NA,NA,NA,NA,NA,NA,NA,NA
308031209,31209,Glenlee - Rockyview,30803,Rockhampton,308,Central Queensland,3RQLD,Rest of Qld,3,Queensland,208.0475,150.4582134214983,-23.23159803393471,NA,NA,NA,NA,NA,NA,NA,NA,NA,NA,NA,NA,NA
308031218,31218,Rockhampton Region - East,30803,Rockhampton,308,Central Queensland,3RQLD,Rest of Qld,3,Queensland,680.8738,150.70561277259213,-23.36626950951381,NA,NA,NA,NA,NA,NA,NA,NA,NA,NA,NA,NA,NA
308031219,31219,Rockhampton Region - North,30803,Rockhampton,308,Central Queensland,3RQLD,Rest of Qld,3,Queensland,7572.5912,150.01930411276166,-22.796570460996683,NA,NA,NA,NA,NA,NA,NA,NA,NA,NA,NA,NA,NA
308031221,31221,Shoalwater Bay,30803,Rockhampton,308,Central Queensland,3RQLD,Rest of Qld,3,Queensland,3176.9624,150.45985885857434,-22.628467602294336,NA,NA,NA,NA,NA,NA,NA,NA,NA,NA,NA,NA,NA
308051532,31532,Callemondah,30805,Gladstone,308,Central Queensland,3RQLD,Rest of Qld,3,Queensland,32.726,151.20657490349797,-23.83977233591767,NA,NA,NA,NA,NA,NA,NA,NA,NA,NA,NA,NA,NA
308051537,31537,South Trees,30805,Gladstone,308,Central Queensland,3RQLD,Rest of Qld,3,Queensland,24.1106,151.2957885939761,-23.882100086904916,NA,NA,NA,NA,NA,NA,NA,NA,NA,NA,NA,NA,NA
309031239,31239,Paradise Point - Hollywell,30903,Gold Coast - North,309,Gold Coast,3RQLD,Rest of Qld,3,Queensland,5.6629,153.39517112145836,-27.885120540082955,NA,NA,NA,NA,NA,NA,NA,NA,NA,NA,NA,NA,NA
309041241,31241,Guanaba - Springbrook,30904,Gold Coast Hinterland,309,Gold Coast,3RQLD,Rest of Qld,3,Queensland,303.7769,153.25528794936312,-28.115332062384546,NA,NA,NA,NA,NA,NA,NA,NA,NA,NA,NA,NA,NA
309071254,31254,Jacobs Well - Alberton,30907,Ormeau - Oxenford,309,Gold Coast,3RQLD,Rest of Qld,3,Queensland,153.7124,153.3385597694538,-27.748145531711465,NA,NA,NA,NA,NA,NA,NA,NA,NA,NA,NA,NA,NA
309101269,31269,Main Beach,30910,Surfers Paradise,309,Gold Coast,3RQLD,Rest of Qld,3,Queensland,3.5492,153.42578796809445,-27.9567443736013,NA,NA,NA,NA,NA,NA,NA,NA,NA,NA,NA,NA,NA
310011276,31276,Wacol,31001,Forest Lake - Oxley,310,Ipswich,3GBRI,Greater Brisbane,3,Queensland,19.0567,152.92199323022396,-27.58861807657254,NA,NA,NA,NA,NA,NA,NA,NA,NA,NA,NA,NA,NA
310021279,31279,Lake Manchester - England Creek,31002,Ipswich Hinterland,310,Ipswich,3GBRI,Greater Brisbane,3,Queensland,112.8254,152.76396659236272,-27.41434167948331,NA,NA,NA,NA,NA,NA,NA,NA,NA,NA,NA,NA,NA
310041301,31301,New Chum,31004,Springfield - Redbank,310,Ipswich,3GBRI,Greater Brisbane,3,Queensland,5.9998,152.83271271286188,-27.617921183063267,NA,NA,NA,NA,NA,NA,NA,NA,NA,NA,NA,NA,NA
311031315,31315,Greenbank Military Camp,31103,Browns Plains,311,Logan - Beaudesert,3GBRI,Greater Brisbane,3,Queensland,40.5687,152.97066960988988,-27.67143329602651,NA,NA,NA,NA,NA,NA,NA,NA,NA,NA,NA,NA,NA
311031318,31318,Munruben - Park Ridge South,31103,Browns Plains,311,Logan - Beaudesert,3GBRI,Greater Brisbane,3,Queensland,20.7728,153.03477822882655,-27.737894907964467,NA,NA,NA,NA,NA,NA,NA,NA,NA,NA,NA,NA,NA
312021345,31345,Eungella Hinterland,31202,Mackay,312,Mackay - Isaac - Whitsunday,3RQLD,Rest of Qld,3,Queensland,2048.7748,148.45722082298195,-21.051312622908036,NA,NA,NA,NA,NA,NA,NA,NA,NA,NA,NA,NA,NA
312021347,31347,Mackay Harbour,31202,Mackay,312,Mackay - Isaac - Whitsunday,3RQLD,Rest of Qld,3,Queensland,10.1718,149.2157877532004,-21.11711086924575,NA,NA,NA,NA,NA,NA,NA,NA,NA,NA,NA,NA,NA
312031360,31360,Cape Conway,31203,Whitsunday,312,Mackay - Isaac - Whitsunday,3RQLD,Rest of Qld,3,Queensland,295.3659,148.78087023329977,-20.3955315534909,NA,NA,NA,NA,NA,NA,NA,NA,NA,NA,NA,NA,NA
316051434,31434,Noosa Heads,31605,Noosa,316,Sunshine Coast,3RQLD,Rest of Qld,3,Queensland,13.0071,153.09279274690147,-26.398164135862476,NA,NA,NA,NA,NA,NA,NA,NA,NA,NA,NA,NA,NA
318011463,31463,Dalrymple,31801,Charters Towers - Ayr - Ingham,318,Townsville,3RQLD,Rest of Qld,3,Queensland,68340.305,145.7879106929183,-20.148911703986926,NA,NA,NA,NA,NA,NA,NA,NA,NA,NA,NA,NA,NA
318021478,31478,Hermit Park - Rosslea,31802,Townsville,318,Townsville,3RQLD,Rest of Qld,3,Queensland,3.8838,146.8032214860487,-19.28971406528962,NA,NA,NA,NA,NA,NA,NA,NA,NA,NA,NA,NA,NA
318021489,31489,Townsville - South,31802,Townsville,318,Townsville,3RQLD,Rest of Qld,3,Queensland,2073.1701,146.8534808086062,-19.54125712565425,NA,NA,NA,NA,NA,NA,NA,NA,NA,NA,NA,NA,NA
319021510,31510,North Burnett,31902,Burnett,319,Wide Bay,3RQLD,Rest of Qld,3,Queensland,289.5233,151.4506129807221,-24.65952302449054,NA,NA,NA,NA,NA,NA,NA,NA,NA,NA,NA,NA,NA
319041516,31516,Booral - River Heads,31904,Hervey Bay,319,Wide Bay,3RQLD,Rest of Qld,3,Queensland,158.341,152.83819014432996,-25.366371751590364,NA,NA,NA,NA,NA,NA,NA,NA,NA,NA,NA,NA,NA
319051525,31525,Maryborough Region - South,31905,Maryborough,319,Wide Bay,3RQLD,Rest of Qld,3,Queensland,3823.1904,152.47864195387166,-25.695384178515713,NA,NA,NA,NA,NA,NA,NA,NA,NA,NA,NA,NA,NA
397979799,39799,Migratory - Offshore - Shipping (Qld),39797,Migratory - Offshore - Shipping (Qld),397,Migratory - Offshore - Shipping (Qld),39799,Migratory - Offshore - Shipping (Qld),3,Queensland,0,NA,NA,NA,NA,NA,NA,NA,NA,NA,NA,NA,NA,NA,NA,NA
399999499,39499,No usual address (Qld),39999,No usual address (Qld),399,No usual address (Qld),39499,No usual address (Qld),3,Queensland,0,NA,NA,NA,NA,NA,NA,NA,NA,NA,NA,NA,NA,NA,NA,NA
402041039,41039,Dry Creek - North,40204,Salisbury,402,Adelaide - North,4GADE,Greater Adelaide,4,South Australia,38.5669,138.5674501990841,-34.78278829914649,NA,NA,NA,NA,NA,NA,NA,NA,NA,NA,NA,NA,NA
402041042,41042,Parafield,40204,Salisbury,402,Adelaide - North,4GADE,Greater Adelaide,4,South Australia,4.6289,138.6310084194144,-34.79662451557396,NA,NA,NA,NA,NA,NA,NA,NA,NA,NA,NA,NA,NA
403041082,41082,Lonsdale,40304,Onkaparinga,403,Adelaide - South,4GADE,Greater Adelaide,4,South Australia,9.84,138.4928590676459,-35.10679097340339,NA,NA,NA,NA,NA,NA,NA,NA,NA,NA,NA,NA,NA
404021098,41098,Dry Creek - South,40402,Port Adelaide - West,404,Adelaide - West,4GADE,Greater Adelaide,4,South Australia,6.1446,138.54590817015304,-34.825203988005335,NA,NA,NA,NA,NA,NA,NA,NA,NA,NA,NA,NA,NA
404021103,41103,Torrens Island,40402,Port Adelaide - West,404,Adelaide - West,4GADE,Greater Adelaide,4,South Australia,8.8253,138.52882747815963,-34.79021149886217,NA,NA,NA,NA,NA,NA,NA,NA,NA,NA,NA,NA,NA
406011135,41135,Western,40601,Eyre Peninsula and South West,406,South Australia - Outback,4RSAU,Rest of SA,4,South Australia,168955.7763,131.45948144209666,-29.77802370322759,NA,NA,NA,NA,NA,NA,NA,NA,NA,NA,NA,NA,NA
406011137,41137,Whyalla - North,40601,Eyre Peninsula and South West,406,South Australia - Outback,4RSAU,Rest of SA,4,South Australia,80.449,137.58387562070257,-32.97262471591901,NA,NA,NA,NA,NA,NA,NA,NA,NA,NA,NA,NA,NA
407031163,41163,Loxton Region,40703,Murray and Mallee,407,South Australia - South East,4RSAU,Rest of SA,4,South Australia,4790.3875,140.59122079118575,-34.622591017650336,NA,NA,NA,NA,NA,NA,NA,NA,NA,NA,NA,NA,NA
497979799,49799,Migratory - Offshore - Shipping (SA),49797,Migratory - Offshore - Shipping (SA),497,Migratory - Offshore - Shipping (SA),49799,Migratory - Offshore - Shipping (SA),4,South Australia,0,NA,NA,NA,NA,NA,NA,NA,NA,NA,NA,NA,NA,NA,NA,NA
499999499,49499,No usual address (SA),49999,No usual address (SA),499,No usual address (SA),49499,No usual address (SA),4,South Australia,0,NA,NA,NA,NA,NA,NA,NA,NA,NA,NA,NA,NA,NA,NA,NA
501021011,51011,Davenport,50102,Bunbury,501,Bunbury,5RWAU,Rest of WA,5,Western Australia,11.7042,115.68515976184835,-33.3739771354162,NA,NA,NA,NA,NA,NA,NA,NA,NA,NA,NA,NA,NA
503021037,51037,Kings Park (WA),50302,Perth City,503,Perth - Inner,5GPER,Greater Perth,5,Western Australia,4.1819,115.83160356482009,-31.96252029117421,NA,NA,NA,NA,NA,NA,NA,NA,NA,NA,NA,NA,NA
504021052,51052,Malmalling - Reservoir,50402,Mundaring,504,Perth - North East,5GPER,Greater Perth,5,Western Australia,318.3852,116.28583372910576,-31.96522861951302,NA,NA,NA,NA,NA,NA,NA,NA,NA,NA,NA,NA,NA
504031055,51055,Avon Valley National Park,50403,Swan,504,Perth - North East,5GPER,Greater Perth,5,Western Australia,74.9605,116.18872291892058,-31.636068468484908,NA,NA,NA,NA,NA,NA,NA,NA,NA,NA,NA,NA,NA
504031063,51063,Malaga,50403,Swan,504,Perth - North East,5GPER,Greater Perth,5,Western Australia,6.4045,115.89422365463545,-31.85872961222215,NA,NA,NA,NA,NA,NA,NA,NA,NA,NA,NA,NA,NA
504031064,51064,Melaleuca - Lexia,50403,Swan,504,Perth - North East,5GPER,Greater Perth,5,Western Australia,99.6581,115.9178631198935,-31.72948398493279,NA,NA,NA,NA,NA,NA,NA,NA,NA,NA,NA,NA,NA
504031069,51069,Walyunga National Park,50403,Swan,504,Perth - North East,5GPER,Greater Perth,5,Western Australia,17.9495,116.0764271583253,-31.721920231584193,NA,NA,NA,NA,NA,NA,NA,NA,NA,NA,NA,NA,NA
505021087,51087,Herdsman,50502,Stirling,505,Perth - North West,5GPER,Greater Perth,5,Western Australia,3.1133,115.80538281324037,-31.920146983109404,NA,NA,NA,NA,NA,NA,NA,NA,NA,NA,NA,NA,NA
505021091,51091,Osborne Park Industrial,50502,Stirling,505,Perth - North West,5GPER,Greater Perth,5,Western Australia,3.4451,115.8124046292866,-31.905738086891308,NA,NA,NA,NA,NA,NA,NA,NA,NA,NA,NA,NA,NA
505031106,51106,Neerabup National Park,50503,Wanneroo,505,Perth - North West,5GPER,Greater Perth,5,Western Australia,17.863,115.74433854923726,-31.681417668447203,NA,NA,NA,NA,NA,NA,NA,NA,NA,NA,NA,NA,NA
505031256,51256,Carabooda - Pinjar,50503,Wanneroo,505,Perth - North West,5GPER,Greater Perth,5,Western Australia,371.0902,115.77576459051753,-31.56878648662631,NA,NA,NA,NA,NA,NA,NA,NA,NA,NA,NA,NA,NA
506011111,51111,Ashendon - Lesley,50601,Armadale,506,Perth - South East,5GPER,Greater Perth,5,Western Australia,326.2898,116.2076199956057,-32.184904471709544,NA,NA,NA,NA,NA,NA,NA,NA,NA,NA,NA,NA,NA
507011151,51151,Bibra Lake,50701,Cockburn,507,Perth - South West,5GPER,Greater Perth,5,Western Australia,4.1706,115.82774438227116,-32.088478175348776,NA,NA,NA,NA,NA,NA,NA,NA,NA,NA,NA,NA,NA
507011155,51155,Henderson,50701,Cockburn,507,Perth - South West,5GPER,Greater Perth,5,Western Australia,8.7396,115.77959743394773,-32.16262446368225,NA,NA,NA,NA,NA,NA,NA,NA,NA,NA,NA,NA,NA
507021167,51167,O'Connor (WA),50702,Fremantle,507,Perth - South West,5GPER,Greater Perth,5,Western Australia,1.6691,115.79185963502542,-32.0591587447799,NA,NA,NA,NA,NA,NA,NA,NA,NA,NA,NA,NA,NA
507031172,51172,Hope Valley - Postans,50703,Kwinana,507,Perth - South West,5GPER,Greater Perth,5,Western Australia,24.7949,115.81530904312399,-32.207400234408865,NA,NA,NA,NA,NA,NA,NA,NA,NA,NA,NA,NA,NA
507031173,51173,Kwinana Industrial,50703,Kwinana,507,Perth - South West,5GPER,Greater Perth,5,Western Australia,16.7145,115.77561658673298,-32.21966767075406,NA,NA,NA,NA,NA,NA,NA,NA,NA,NA,NA,NA,NA
507051189,51189,Rockingham Lakes,50705,Rockingham,507,Perth - South West,5GPER,Greater Perth,5,Western Australia,21.0334,115.78073981386903,-32.31823535832114,NA,NA,NA,NA,NA,NA,NA,NA,NA,NA,NA,NA,NA
509011235,51235,Stirling Range National Park,50901,Albany,509,Western Australia - Wheat Belt,5RWAU,Rest of WA,5,Western Australia,1121.6227,118.04493786843719,-34.39765071260444,NA,NA,NA,NA,NA,NA,NA,NA,NA,NA,NA,NA,NA
511031281,51281,Kalgoorlie Airport,51103,Goldfields,511,Western Australia - Outback (South),5RWAU,Rest of WA,5,Western Australia,7.4496,121.46326243901312,-30.794554908877387,NA,NA,NA,NA,NA,NA,NA,NA,NA,NA,NA,NA,NA
511031284,51284,Trafalgar (WA),51103,Goldfields,511,Western Australia - Outback (South),5RWAU,Rest of WA,5,Western Australia,27.6123,121.52066964325155,-30.770541569391604,NA,NA,NA,NA,NA,NA,NA,NA,NA,NA,NA,NA,NA
597979799,59799,Migratory - Offshore - Shipping (WA),59797,Migratory - Offshore - Shipping (WA),597,Migratory - Offshore - Shipping (WA),59799,Migratory - Offshore - Shipping (WA),5,Western Australia,0,NA,NA,NA,NA,NA,NA,NA,NA,NA,NA,NA,NA,NA,NA,NA
599999499,59499,No usual address (WA),59999,No usual address (WA),599,No usual address (WA),59499,No usual address (WA),5,Western Australia,0,NA,NA,NA,NA,NA,NA,NA,NA,NA,NA,NA,NA,NA,NA,NA
601011003,61003,Old Beach - Otago,60101,Brighton,601,Hobart,6GHOB,Greater Hobart,6,Tasmania,31.5716,147.29760542161242,-42.76796481912128,NA,NA,NA,NA,NA,NA,NA,NA,NA,NA,NA,NA,NA
601031013,61013,Austins Ferry - Granton,60103,Hobart - North West,601,Hobart,6GHOB,Greater Hobart,6,Tasmania,27.3675,147.1944471209609,-42.76348619476354,NA,NA,NA,NA,NA,NA,NA,NA,NA,NA,NA,NA,NA
601041025,61025,Mount Wellington,60104,Hobart - South and West,601,Hobart,6GHOB,Greater Hobart,6,Tasmania,90.163,147.20600725973296,-42.89834915851573,NA,NA,NA,NA,NA,NA,NA,NA,NA,NA,NA,NA,NA
602011039,61039,Legana,60201,Launceston,602,Launceston and North East,6RTAS,Rest of Tas.,6,Tasmania,33.6971,147.04567023955306,-41.37371984437077,NA,NA,NA,NA,NA,NA,NA,NA,NA,NA,NA,NA,NA
602021056,61056,Hadspen - Carrick,60202,Meander Valley - West Tamar,602,Launceston and North East,6RTAS,Rest of Tas.,6,Tasmania,174.702,147.00971008635162,-41.50924701411848,NA,NA,NA,NA,NA,NA,NA,NA,NA,NA,NA,NA,NA
603011068,61068,Wilderness - East,60301,Central Highlands (Tas.),603,South East,6RTAS,Rest of Tas.,6,Tasmania,7351.056,146.33247151018347,-43.01340182475165,NA,NA,NA,NA,NA,NA,NA,NA,NA,NA,NA,NA,NA
604031098,61098,Wilderness - West,60403,West Coast,604,West and North West,6RTAS,Rest of Tas.,6,Tasmania,5651.9123,145.7124271690222,-42.579094172223556,NA,NA,NA,NA,NA,NA,NA,NA,NA,NA,NA,NA,NA
697979799,69799,Migratory - Offshore - Shipping (Tas.),69797,Migratory - Offshore - Shipping (Tas.),697,Migratory - Offshore - Shipping (Tas.),69799,Migratory - Offshore - Shipping (Tas.),6,Tasmania,0,NA,NA,NA,NA,NA,NA,NA,NA,NA,NA,NA,NA,NA,NA,NA
699999499,69499,No usual address (Tas.),69999,No usual address (Tas.),699,No usual address (Tas.),69499,No usual address (Tas.),6,Tasmania,0,NA,NA,NA,NA,NA,NA,NA,NA,NA,NA,NA,NA,NA,NA,NA
701011003,71003,East Point,70101,Darwin City,701,Darwin,7GDAR,Greater Darwin,7,Northern Territory,2.377,130.82988247144488,-12.411598534817356,NA,NA,NA,NA,NA,NA,NA,NA,NA,NA,NA,NA,NA
701011004,71004,Fannie Bay - The Gardens,70101,Darwin City,701,Darwin,7GDAR,Greater Darwin,7,Northern Territory,3.9165,130.83746227011446,-12.435227616305516,NA,NA,NA,NA,NA,NA,NA,NA,NA,NA,NA,NA,NA
701021014,71014,Buffalo Creek,70102,Darwin Suburbs,701,Darwin,7GDAR,Greater Darwin,7,Northern Territory,23.9105,130.92183694887075,-12.371037183622073,NA,NA,NA,NA,NA,NA,NA,NA,NA,NA,NA,NA,NA
701021015,71015,Charles Darwin,70102,Darwin Suburbs,701,Darwin,7GDAR,Greater Darwin,7,Northern Territory,17.4936,130.88929575273465,-12.44855401819602,NA,NA,NA,NA,NA,NA,NA,NA,NA,NA,NA,NA,NA
701021017,71017,East Arm,70102,Darwin Suburbs,701,Darwin,7GDAR,Greater Darwin,7,Northern Territory,24.3744,130.93188724926904,-12.4744411428659,NA,NA,NA,NA,NA,NA,NA,NA,NA,NA,NA,NA,NA
701031033,71033,Koolpinyah,70103,Litchfield,701,Darwin,7GDAR,Greater Darwin,7,Northern Territory,1199.6495,131.1571383463897,-12.344164293111126,NA,NA,NA,NA,NA,NA,NA,NA,NA,NA,NA,NA,NA
797979799,79799,Migratory - Offshore - Shipping (NT),79797,Migratory - Offshore - Shipping (NT),797,Migratory - Offshore - Shipping (NT),79799,Migratory - Offshore - Shipping (NT),7,Northern Territory,0,NA,NA,NA,NA,NA,NA,NA,NA,NA,NA,NA,NA,NA,NA,NA
799999499,79499,No usual address (NT),79999,No usual address (NT),799,No usual address (NT),79499,No usual address (NT),7,Northern Territory,0,NA,NA,NA,NA,NA,NA,NA,NA,NA,NA,NA,NA,NA,NA,NA
801011005,81005,Cook,80101,Belconnen,801,Australian Capital Territory,8ACTE,Australian Capital Territory,8,Australian Capital Territory,1.5831,149.0664002960962,-35.26013145670794,NA,NA,NA,NA,NA,NA,NA,NA,NA,NA,NA,NA,NA
801011006,81006,Dunlop,80101,Belconnen,801,Australian Capital Territory,8ACTE,Australian Capital Territory,8,Australian Capital Territory,3.5908,149.0198319800184,-35.19400988614485,NA,NA,NA,NA,NA,NA,NA,NA,NA,NA,NA,NA,NA
801011012,81012,Gooromon,80101,Belconnen,801,Australian Capital Territory,8ACTE,Australian Capital Territory,8,Australian Capital Territory,9.9135,149.0608556084316,-35.186728677445736,NA,NA,NA,NA,NA,NA,NA,NA,NA,NA,NA,NA,NA
801011018,81018,Lawson,80101,Belconnen,801,Australian Capital Territory,8ACTE,Australian Capital Territory,8,Australian Capital Territory,3.0845,149.08816029545213,-35.22504236390053,NA,NA,NA,NA,NA,NA,NA,NA,NA,NA,NA,NA,NA
801011023,81023,Page,80101,Belconnen,801,Australian Capital Territory,8ACTE,Australian Capital Territory,8,Australian Capital Territory,1.3225,149.04990746212565,-35.238580492834096,NA,NA,NA,NA,NA,NA,NA,NA,NA,NA,NA,NA,NA
801011111,81111,Molonglo Corridor,80101,Belconnen,801,Australian Capital Territory,8ACTE,Australian Capital Territory,8,Australian Capital Territory,24.9139,149.02049612016694,-35.25611001654937,NA,NA,NA,NA,NA,NA,NA,NA,NA,NA,NA,NA,NA
801011112,81112,West Belconnen,80101,Belconnen,801,Australian Capital Territory,8ACTE,Australian Capital Territory,8,Australian Capital Territory,11.3504,148.98522428559733,-35.221000018899055,NA,NA,NA,NA,NA,NA,NA,NA,NA,NA,NA,NA,NA
801031031,81031,Hume,80103,Canberra East,801,Australian Capital Territory,8ACTE,Australian Capital Territory,8,Australian Capital Territory,8.5832,149.16580048136578,-35.3854719457612,NA,NA,NA,NA,NA,NA,NA,NA,NA,NA,NA,NA,NA
801031032,81032,Kowen,80103,Canberra East,801,Australian Capital Territory,8ACTE,Australian Capital Territory,8,Australian Capital Territory,77.047,149.3135532835897,-35.31083349044371,NA,NA,NA,NA,NA,NA,NA,NA,NA,NA,NA,NA,NA
801031115,81115,Majura,80103,Canberra East,801,Australian Capital Territory,8ACTE,Australian Capital Territory,8,Australian Capital Territory,89.692,149.21037950678482,-35.27294083765235,NA,NA,NA,NA,NA,NA,NA,NA,NA,NA,NA,NA,NA
801041035,81035,Bonner,80104,Gungahlin,801,Australian Capital Territory,8ACTE,Australian Capital Territory,8,Australian Capital Territory,2.7559,149.14298763207594,-35.15599463090793,NA,NA,NA,NA,NA,NA,NA,NA,NA,NA,NA,NA,NA
801041043,81043,Hall,80104,Gungahlin,801,Australian Capital Territory,8ACTE,Australian Capital Territory,8,Australian Capital Territory,2.8593,149.0628063020384,-35.16921218025274,NA,NA,NA,NA,NA,NA,NA,NA,NA,NA,NA,NA,NA
801041045,81045,Mitchell,80104,Gungahlin,801,Australian Capital Territory,8ACTE,Australian Capital Territory,8,Australian Capital Territory,7.3847,149.12932015783204,-35.21449969576421,NA,NA,NA,NA,NA,NA,NA,NA,NA,NA,NA,NA,NA
801041116,81116,Gungahlin - East,80104,Gungahlin,801,Australian Capital Territory,8ACTE,Australian Capital Territory,8,Australian Capital Territory,17.2008,149.17395000477129,-35.18196001065949,NA,NA,NA,NA,NA,NA,NA,NA,NA,NA,NA,NA,NA
801041117,81117,Gungahlin - West,80104,Gungahlin,801,Australian Capital Territory,8ACTE,Australian Capital Territory,8,Australian Capital Territory,14.7676,149.1066649921361,-35.1484300370307,NA,NA,NA,NA,NA,NA,NA,NA,NA,NA,NA,NA,NA
801041118,81118,Jacka,80104,Gungahlin,801,Australian Capital Territory,8ACTE,Australian Capital Territory,8,Australian Capital Territory,2.917,149.13041542050644,-35.14948714410384,NA,NA,NA,NA,NA,NA,NA,NA,NA,NA,NA,NA,NA
801041119,81119,Kenny,80104,Gungahlin,801,Australian Capital Territory,8ACTE,Australian Capital Territory,8,Australian Capital Territory,6.1708,149.16166714457614,-35.21687693974892,NA,NA,NA,NA,NA,NA,NA,NA,NA,NA,NA,NA,NA
801041120,81120,Moncrieff,80104,Gungahlin,801,Australian Capital Territory,8ACTE,Australian Capital Territory,8,Australian Capital Territory,1.9172,149.1162614971452,-35.15887394790137,NA,NA,NA,NA,NA,NA,NA,NA,NA,NA,NA,NA,NA
801051055,81055,Downer,80105,North Canberra,801,Australian Capital Territory,8ACTE,Australian Capital Territory,8,Australian Capital Territory,1.6342,149.1435523565629,-35.24394056535813,NA,NA,NA,NA,NA,NA,NA,NA,NA,NA,NA,NA,NA
801051123,81123,Black Mountain,80105,North Canberra,801,Australian Capital Territory,8ACTE,Australian Capital Territory,8,Australian Capital Territory,6.7267,149.09611575477817,-35.27474013848792,NA,NA,NA,NA,NA,NA,NA,NA,NA,NA,NA,NA,NA
801051125,81125,Duntroon,80105,North Canberra,801,Australian Capital Territory,8ACTE,Australian Capital Territory,8,Australian Capital Territory,2.4118,149.16522843906935,-35.29806528537124,NA,NA,NA,NA,NA,NA,NA,NA,NA,NA,NA,NA,NA
801051126,81126,Parkes (ACT) - North,80105,North Canberra,801,Australian Capital Territory,8ACTE,Australian Capital Territory,8,Australian Capital Territory,1.0976,149.13982890769395,-35.29326428205693,NA,NA,NA,NA,NA,NA,NA,NA,NA,NA,NA,NA,NA
801061066,81066,Lake Burley Griffin,80106,South Canberra,801,Australian Capital Territory,8ACTE,Australian Capital Territory,8,Australian Capital Territory,6.1594,149.11450114262524,-35.29486174334345,NA,NA,NA,NA,NA,NA,NA,NA,NA,NA,NA,NA,NA
801071071,81071,Banks,80107,Tuggeranong,801,Australian Capital Territory,8ACTE,Australian Capital Territory,8,Australian Capital Territory,2.2533,149.09964286301903,-35.4718971992262,NA,NA,NA,NA,NA,NA,NA,NA,NA,NA,NA,NA,NA
801071085,81085,Mount Taylor,80107,Tuggeranong,801,Australian Capital Territory,8ACTE,Australian Capital Territory,8,Australian Capital Territory,10.9052,149.09255934157983,-35.38123052837854,NA,NA,NA,NA,NA,NA,NA,NA,NA,NA,NA,NA,NA
801071089,81089,Tuggeranong,80107,Tuggeranong,801,Australian Capital Territory,8ACTE,Australian Capital Territory,8,Australian Capital Territory,75.6837,149.11249943414788,-35.506246121671204,NA,NA,NA,NA,NA,NA,NA,NA,NA,NA,NA,NA,NA
801071132,81132,Tuggeranong - West,80107,Tuggeranong,801,Australian Capital Territory,8ACTE,Australian Capital Territory,8,Australian Capital Territory,9.2083,149.03469049637954,-35.39672471020411,NA,NA,NA,NA,NA,NA,NA,NA,NA,NA,NA,NA,NA
801081093,81093,Fisher,80108,Weston Creek,801,Australian Capital Territory,8ACTE,Australian Capital Territory,8,Australian Capital Territory,1.5822,149.0570669337203,-35.36122302921549,NA,NA,NA,NA,NA,NA,NA,NA,NA,NA,NA,NA,NA
801081133,81133,Scrivener,80108,Weston Creek,801,Australian Capital Territory,8ACTE,Australian Capital Territory,8,Australian Capital Territory,1.5532,149.07166279803965,-35.3121233845687,NA,NA,NA,NA,NA,NA,NA,NA,NA,NA,NA,NA,NA
801091099,81099,Chifley,80109,Woden Valley,801,Australian Capital Territory,8ACTE,Australian Capital Territory,8,Australian Capital Territory,1.5889,149.07682195729706,-35.35338921972453,NA,NA,NA,NA,NA,NA,NA,NA,NA,NA,NA,NA,NA
801091104,81104,Isaacs,80109,Woden Valley,801,Australian Capital Territory,8ACTE,Australian Capital Territory,8,Australian Capital Territory,3.0881,149.11552719881763,-35.36866251332716,NA,NA,NA,NA,NA,NA,NA,NA,NA,NA,NA,NA,NA
801091107,81107,O'Malley,80109,Woden Valley,801,Australian Capital Territory,8ACTE,Australian Capital Territory,8,Australian Capital Territory,2.6068,149.1128377156794,-35.3525270677207,NA,NA,NA,NA,NA,NA,NA,NA,NA,NA,NA,NA,NA
801091108,81108,Pearce,80109,Woden Valley,801,Australian Capital Territory,8ACTE,Australian Capital Territory,8,Australian Capital Territory,1.7032,149.08344099160908,-35.36227055711008,NA,NA,NA,NA,NA,NA,NA,NA,NA,NA,NA,NA,NA
801101134,81134,Arboretum,80110,Molonglo,801,Australian Capital Territory,8ACTE,Australian Capital Territory,8,Australian Capital Territory,6.0368,149.06748327540075,-35.2958863629807,NA,NA,NA,NA,NA,NA,NA,NA,NA,NA,NA,NA,NA
801101137,81137,Molonglo,80110,Molonglo,801,Australian Capital Territory,8ACTE,Australian Capital Territory,8,Australian Capital Territory,2.1894,149.04018573066,-35.29983603261824,NA,NA,NA,NA,NA,NA,NA,NA,NA,NA,NA,NA,NA
801101138,81138,Molonglo - North,80110,Molonglo,801,Australian Capital Territory,8ACTE,Australian Capital Territory,8,Australian Capital Territory,10.5912,149.04810973651115,-35.28542125578739,NA,NA,NA,NA,NA,NA,NA,NA,NA,NA,NA,NA,NA
801101139,81139,Wright,80110,Molonglo,801,Australian Capital Territory,8ACTE,Australian Capital Territory,8,Australian Capital Territory,1.2716,149.03360286144118,-35.319243482576475,NA,NA,NA,NA,NA,NA,NA,NA,NA,NA,NA,NA,NA
801111140,81140,ACT - South West,80111,Urriarra - Namadgi,801,Australian Capital Territory,8ACTE,Australian Capital Territory,8,Australian Capital Territory,416.6124,148.9606891583384,-35.39102668522644,NA,NA,NA,NA,NA,NA,NA,NA,NA,NA,NA,NA,NA
801111141,81141,Namadgi,80111,Urriarra - Namadgi,801,Australian Capital Territory,8ACTE,Australian Capital Territory,8,Australian Capital Territory,1202.893,148.9359292628049,-35.63124591921995,NA,NA,NA,NA,NA,NA,NA,NA,NA,NA,NA,NA,NA
897979799,89799,Migratory - Offshore - Shipping (ACT),89797,Migratory - Offshore - Shipping (ACT),897,Migratory - Offshore - Shipping (ACT),89799,Migratory - Offshore - Shipping (ACT),8,Australian Capital Territory,0,NA,NA,NA,NA,NA,NA,NA,NA,NA,NA,NA,NA,NA,NA,NA
899999499,89499,No usual address (ACT),89999,No usual address (ACT),899,No usual address (ACT),89499,No usual address (ACT),8,Australian Capital Territory,0,NA,NA,NA,NA,NA,NA,NA,NA,NA,NA,NA,NA,NA,NA,NA
901041004,91004,Norfolk Island,90104,Norfolk Island,901,Other Territories,9OTER,Other Territories,9,Other Territories,38.6509,167.95243870419353,-29.03788442876154,NA,NA,NA,NA,NA,NA,NA,NA,NA,NA,NA,NA,NA
997979799,99799,Migratory - Offshore - Shipping (OT),99797,Migratory - Offshore - Shipping (OT),997,Migratory - Offshore - Shipping (OT),99799,Migratory - Offshore - Shipping (OT),9,Other Territories,0,NA,NA,NA,NA,NA,NA,NA,NA,NA,NA,NA,NA,NA,NA,NA
999999499,99499,No usual address (OT),99999,No usual address (OT),999,No usual address (OT),99499,No usual address (OT),9,Other Territories,0,NA,NA,NA,NA,NA,NA,NA,NA,NA,NA,NA,NA,NA,NA,NA
